CustId,Name,City
1,Torey,Trieste
2,Rodina,Hongshan
3,Julio,Gérakas
4,Shelli,San Jose
5,Nolan,Valsamáta
6,Loralie,Helsingborg
7,Kip,Bromma
8,Randie,Motala
9,Kasey,Nelson
10,Rhodie,Iquique
11,Sheela,Karaidel’
12,Merrile,Staré Město
13,Vincents,Dollard-Des Ormeaux
14,Rosy,Oepula
15,Mellicent,Jijiazhuang
16,Dorothea,Bao’an
17,Donnajean,Heung-hai
18,Aguistin,Patenongan
19,Morganica,Magallanes
20,Yuma,Plettenberg Bay
21,Ruthi,Montpellier
22,Jenica,Yukou
23,Guillermo,Bouctouche
24,Tomi,Brotas
25,Ralph,Perdões
26,Rickert,Sollefteå
27,Debby,Duma
28,Jacquenetta,Oslo
29,Abbi,Molepolole
30,Marten,Drayton Valley
31,Silvan,Lang Suan
32,Lynnell,Eshan
33,Danica,Beruniy
34,Emmy,Yugang
35,Nerta,Kulary
36,Juditha,Villazón
37,Mame,Matumadua
38,Chilton,Quiñota
39,Gloriane,San Antonio
40,Claribel,Río Guayabal de Yateras
41,Shalom,Xietang
42,Dorice,Longbo
43,Janeta,Cijambe
44,Fiona,Solčava
45,Bart,Kagoshima-shi
46,Shaylah,Liwu
47,Blanche,Studénka
48,Ryun,Taposan
49,Rachele,Artjärvi
50,Lea,Berdorf
51,Claudelle,Lloqan
52,Clarey,Alor Setar
53,Flossy,São João
54,Mart,Wanquan
55,Peder,Dąbie
56,Georgena,Mollebamba
57,Edouard,Jalaud
58,Alberik,Jos
59,Karlis,Tor
60,Kizzie,Shuanghe
61,Vladamir,Buin
62,Freemon,Dabbūrīya
63,Meggie,Cabalaoangan
64,Evania,Grabica
65,Valentine,Vetlanda
66,Conant,Jingouhe
67,Agnesse,Nerópolis
68,Tierney,Itapetinga
69,Guillemette,Ad Dawādimī
70,Donella,Malvinas Argentinas
71,Edeline,Ruse
72,Tracey,Gereneng
73,Ashley,Ecroignard
74,Ashlan,Viga
75,Hulda,Tegalbuleud
76,Arlie,Thiès Nones
77,Noel,Hengbanqiao
78,Starlene,Romans-sur-Isère
79,Lynea,Toledo
80,Ross,Kālābāgh
81,Tansy,Bacun
82,Noach,Dean
83,Lorant,Il’ka
84,Rasia,Huangtang
85,Myrna,Ngaruawahia
86,Amitie,Manosque
87,Grover,Port Maria
88,Lodovico,Xinghai
89,Karlan,Lammi
90,Arvie,San Diego
91,Crissie,Jatirejo
92,Dru,Pyshchug
93,Nollie,Huangjiabu
94,Bobinette,Herzliyya
95,Jacinda,Ergates
96,Roxine,Hedong
97,Eustacia,Sūrīān
98,Guillema,Budapest
99,Calhoun,Ogwashi-Uku
100,Ulric,Tobol
